Period ;Variable ;mean + SD ;Median Q1 - Q3 
2001 - 2025 ;Snow cover ;63.06 +/- 12.1548 ;54.66 - 64.72 - 72.45 
2001 - 2025 ;Mean temperature ;-4.886 +/- 6.6974 ;-9.994 - -2.771 - 0.760 
2001 - 2005 ;Snow cover  June - August ;59.18 +/- 17.9662 ;50.66 - 57.95 - 69.51 
2006 - 2010 ;Snow cover June - August ;65.84 +/- 14.9417 ;56.52 - 67.52 - 75.81 
2011 - 2015 ;Snow cover June - August ;62.56 +/- 16.6582 ;52.79 - 62.76 - 73.06 
;;;
2016 - 2020 ;Snow cover June - August ;59.43 +/- 15.9904 ;50.18 - 59.03 - 68.76 
;;;
2021 - 2025 ;Snow cover June - August ;58.32 +/- 19.5052 ;47.11 - 57.99 - 70.91 
;;;
2001 - 2005 ;Snow cover  ;62.34 +/- 20.9926 ;54.41 - 63.85 - 71.71 
2006 - 2010 ;Snow cover  ;65.19 +/- 17.4576 ;57.57 - 66.71 - 73.66 
2011 - 2015 ;Snow cover  ;63.35 +/- 19.3223 ;54.86 - 64.89 - 72.42 
;;;
2016 - 2020 ;Snow cover  ;62.37 +/- 20.2832 ;53.80 - 64.02 - 72.09 
;;;
2021 - 2025 ;Snow cover  ;62.00 +/- 22.1634 ;52.83 - 64.08 - 72.42 
;;;
