"","date","mean_snow","snow_pixels","available_pixels","total_pixels","available_percent","snow_cover_percent"
"1",2000-06-01,83.9652827487473,8237,8382,6265136,0.133787997578983,98.2701026008113
"2",2000-06-02,70.6141164090101,39556,39911,6265136,0.637033258336291,99.1105209090226
"3",2000-06-03,75.4134993973483,24497,24890,6265136,0.397277888301228,98.4210526315789
"4",2000-06-04,77.0746781531314,20368,20662,6265136,0.329793319730011,98.5770980543994
"5",2000-06-05,76.8521670493685,69196,69680,6265136,1.11218655109801,99.3053960964409
"6",2000-06-06,73.6580634045486,28501,29020,6265136,0.463198245018145,98.2115782219159
"7",2000-06-07,76.7844536237326,83753,85216,6265136,1.36016201404088,98.2831862561021
"8",2000-06-08,77.1491766498751,23275,23623,6265136,0.377054863613495,98.5268594166702
"9",2000-06-09,72.3509957754979,40469,41425,6265136,0.661198735350677,97.6922148461074
"10",2000-06-10,75.6418973466569,54156,55741,6265136,0.889701356842054,97.1564916309359
"11",2000-06-11,73.3761565067012,91239,92520,6265136,1.47674368122256,98.6154345006485
"12",2000-06-12,71.52506498329,43946,45781,6265136,0.730726356139755,95.9917869858675
"13",2000-06-13,80.1679166456939,98505,99335,6265136,1.5855202504782,99.1644435496049
"14",2000-06-14,77.5303216974675,35866,36525,6265136,0.582988142635691,98.19575633128
"15",2000-06-15,78.4402939160089,55558,56887,6265136,0.90799305873009,97.6637896180147
"16",2000-06-16,74.9808202407672,43024,44109,6265136,0.704038986543947,97.5401845428371
"17",2000-06-17,75.909371436238,28904,29814,6265136,0.475871553307063,96.9477426712283
"18",2000-06-18,74.3088188248676,54096,56266,6265136,0.898081063204374,96.1433192336402
"19",2000-06-19,77.5806477977141,153686,159062,6265136,2.53884353029208,96.620185839484
"20",2000-06-20,78.5679527508506,102989,109039,6265136,1.74040914674478,94.4515265180348
"21",2000-06-21,74.8977026142665,28014,29033,6265136,0.463405742509021,96.4902008059794
"22",2000-06-22,79.828109073382,121385,126557,6265136,2.02001999637358,95.9133038867862
"23",2000-06-23,85.0953768863493,147620,156453,6265136,2.49720038000771,94.354215003867
"24",2000-06-24,77.803954168761,71038,77589,6265136,1.23842483227818,91.5567928443465
"25",2000-06-25,82.2175146079125,128957,134345,6265136,2.14432695475405,95.9894301983699
"26",2000-06-26,79.7292016778019,68172,73191,6265136,1.16822683498012,93.1425994999385
"27",2000-06-28,79.667912421112,27286,28363,6265136,0.452711641056156,96.2027994217819
"28",2000-06-29,69.9706950761623,55013,65518,6265136,1.04575543132663,83.966238285662
"29",2000-06-30,63.7197484704283,4590,5884,6265136,0.093916556639792,78.0081577158396
"30",2000-07-01,66.3073530658977,18522,23582,6265136,0.376400448449962,78.5429564922399
"31",2000-07-02,53.8254098360656,735,1220,6265136,0.0194728414514865,60.2459016393443
"32",2000-07-03,74.1196143154969,10656,11512,6265136,0.183747008843862,92.5642807505212
"33",2000-07-04,77.8500600102875,31764,34994,6265136,0.55855132274862,90.7698462593587
"34",2000-07-05,78.262550071447,38806,42689,6265136,0.681373876002053,90.903979947996
"35",2000-07-06,75.4004668786792,51774,59116,6265136,0.943570897742683,87.5803504973273
"36",2000-07-07,69.6639278785804,24702,26289,6265136,0.419607810588629,93.9632545931758
"37",2000-07-08,63.2030432715169,9381,10515,6265136,0.16783354742818,89.2154065620542
"38",2000-07-09,63.5436077852806,13799,17623,6265136,0.281286790901267,78.3010838109289
"39",2000-07-10,76.0684045569872,17605,20101,6265136,0.320839004931417,87.5827073279936
"40",2000-07-11,67.9724824739566,49767,61052,6265136,0.974472062537828,81.5157570595558
"41",2000-07-12,73.7455591404835,116711,138543,6265136,2.21133268296171,84.2417155684517
"42",2000-07-13,80.1435580451999,92102,103540,6265136,1.65263770810402,88.9530616186981
"43",2000-07-14,70.0175035990707,54592,70157,6265136,1.11980011287864,77.814045640492
"44",2000-07-15,71.0246029595799,63026,77511,6265136,1.23717984733292,81.3123298628582
"45",2000-07-16,71.6913647585692,30114,34834,6265136,0.555997507476294,86.4500200953092
"46",2000-07-17,69.3063372226035,14245,17484,6265136,0.279068163883434,81.4744909631663
"47",2000-07-18,43.5808823529412,1623,3264,6265136,0.0520978315554523,49.7242647058824
"48",2000-07-19,67.0940683200097,87289,114959,6265136,1.83490031182084,75.9305491523065
"49",2000-07-20,65.1087840891969,10736,13274,6265136,0.211870899530353,80.8799156245291
"50",2000-07-21,60.066998362782,32530,47031,6265136,0.750678037954803,69.1671450745253
"51",2000-07-22,60.4865449676625,54954,83649,6265136,1.33515058571753,65.6959437650181
"52",2000-07-23,50.446384089996,27841,49780,6265136,0.794555776602455,55.9280835676979
"53",2000-07-24,60.0326369642344,87351,128811,6265136,2.05599686902248,67.8133078696695
"54",2000-07-25,55.7754791522076,69573,112386,6265136,1.79383176997275,61.9053974694357
"55",2000-07-26,56.7733559795859,77026,123052,6265136,1.96407548056419,62.5963007509021
"56",2000-07-27,53.0603765861646,5832,9772,6265136,0.155974267757316,59.6807204257061
"57",2000-07-28,59.4373663578047,9211,11224,6265136,0.179150141353675,82.0652173913043
"58",2000-07-29,64.0069224600059,19619,23691,6265136,0.378140235104234,82.8120383267908
"59",2000-07-30,57.9819828115408,24694,32580,6265136,0.5200206348274,75.7949662369552
"60",2000-07-31,60.5802223987291,13671,17626,6265136,0.281334674937623,77.5615567911041
"61",2000-08-01,50.4036811814529,11733,18418,6265136,0.293976060535637,63.7039852318384
"62",2000-08-02,66.0793007143241,36526,37238,6265136,0.594368581942994,98.0879746495515
"63",2000-08-03,60.3140977486399,33151,43929,6265136,0.70116594436258,75.464954813449
"64",2000-08-04,67.775288340387,53312,61906,6265136,0.988103051553869,86.1176622621394
"65",2000-08-05,42.2558594484782,13301,26581,6265136,0.424268523460624,50.0395018998533
"66",2000-08-18,59.9450602790446,56372,88588,6265136,1.41398367090515,63.6339007540525
"67",2000-08-19,64.3724501430408,134191,192952,6265136,3.07977352766165,69.5463120361541
"68",2000-08-20,62.8053108675612,108623,156208,6265136,2.49328985037196,69.5374116562532
"69",2000-08-21,69.7628368486689,30056,36886,6265136,0.588750188343876,81.4834896708778
"70",2000-08-22,49.2370058889567,64939,101546,6265136,1.62081078527266,63.9503279301991
"71",2000-08-23,56.9008743936205,94605,132549,6265136,2.11566037832219,71.3736052327818
"72",2000-08-24,55.5287212651486,26483,36802,6265136,0.587409435325905,71.9607630020108
"73",2000-08-25,48.7352153386646,30809,51895,6265136,0.828314022233516,59.3679545235572
"74",2000-08-26,55.692774501295,97480,146329,6265136,2.33560771865128,66.6170068817528
"75",2000-08-27,46.3426959825026,19622,34748,6265136,0.554624831767419,56.4694370899045
"76",2000-08-28,53.8877385326538,111833,168740,6265136,2.6933174315769,66.2753348346569
"77",2000-08-29,42.3516802320896,13288,24818,6265136,0.396128671428681,53.5417841888952
"78",2000-08-30,54.2652212652213,28743,40404,6265136,0.644902201644146,71.1389961389961
"79",2000-08-31,59.7288346976954,57663,75371,6265136,1.20302256806556,76.5055525334678
"80",2000-09-01,60.5192913305837,38093,49219,6265136,0.785601461803862,77.3949084703062
"81",2000-09-02,64.1348463540404,96018,123726,6265136,1.97483342739886,77.6053537655788
"82",2000-09-03,57.6323081185924,35065,50526,6265136,0.806462940309676,69.3999129161224
"83",2000-09-04,38.1570117955439,5044,11445,6265136,0.182677598698576,44.0716470074268
"84",2000-09-05,54.7790504736927,37151,56049,6265136,0.894617451241282,66.2830737390498
"85",2000-09-06,50.5943614878985,15944,26319,6265136,0.42008665095219,60.5798092632699
"86",2000-09-07,61.5459361366719,41472,54554,6265136,0.870755239790485,76.0200901858709
"87",2000-09-08,50.4359562088256,36374,62387,6265136,0.995780458716299,58.3038132944363
"88",2000-09-09,50.674611926372,7098,11789,6265136,0.188168301534077,60.208669098312
"89",2000-09-10,42.1553481517868,3558,8143,6265136,0.129973236015946,43.6939702812231
"90",2000-09-11,51.2677394338891,3456,5158,6265136,0.0823286198416124,67.0027142303218
"91",2000-09-12,53.1413882480276,43917,70218,6265136,1.12077375495121,62.5437921900367
"92",2000-09-13,57.9455530385108,42548,50765,6265136,0.810277701872713,83.8136511375948
"93",2000-09-14,50.1674629996504,10505,17162,6265136,0.273928610647877,61.2108145903741
"94",2000-09-15,50.1521829443311,28681,52956,6265136,0.845249009758128,54.1600574061485
"95",2000-09-16,57.2874887366657,71240,103211,6265136,1.6473864254503,69.02365057988
"96",2000-09-17,58.2187381178707,60997,84160,6265136,1.34330683324352,72.4774239543726
"97",2000-09-18,61.7793314974523,49159,60643,6265136,0.967943872247945,81.0629421367676
"98",2000-09-19,59.8086743020962,54509,70461,6265136,1.12465236189605,77.3605256808731
"99",2000-09-20,59.9504714482466,16063,18878,6265136,0.301318279443575,85.0884627608857
"100",2000-09-21,55.6005721716515,38366,57675,6265136,0.920570598946296,66.5210229735587
"101",2000-09-22,53.8614695243751,12837,18523,6265136,0.295652001808101,69.3030286670626
"102",2000-09-23,51.821935483871,812,1550,6265136,0.024740085450659,52.3870967741936
"103",2000-09-24,56.9805167536027,62240,90488,6265136,1.44431022726402,68.7826010078685
"104",2000-09-25,48.86339195472,13465,24735,6265136,0.394803879756162,54.4370325449768
"105",2000-09-26,58.8910040674747,37957,48433,6265136,0.77305584427856,78.3701195465901
"106",2000-09-27,52.781935023206,17988,28010,6265136,0.447077286111586,64.2199214566226
"107",2000-09-28,64.3914648354934,75909,96987,6265136,1.54804301135682,78.2671904482044
"108",2000-09-29,60.6037348949442,85705,104849,6265136,1.67353110930074,81.7413613863747
"109",2000-09-30,53.339488320356,21699,31465,6265136,0.502223734648378,68.9623391069442
"110",2000-10-01,69.784047926987,73745,81958,6265136,1.30815995055814,89.9790136411333
"111",2000-10-02,69.0231866146334,130483,148879,6265136,2.37630914955398,87.6436569294528
"112",2000-10-03,68.6191179781605,60687,71064,6265136,1.13427705320363,85.3976697061804
"113",2000-10-04,54.0308724832215,11199,18625,6265136,0.297280059044209,60.1288590604027
"114",2000-10-05,56.5081440697408,18172,26154,6265136,0.417453028952604,69.4807677601897
"115",2000-10-06,66.7949399609048,70451,89525,6265136,1.42893945159371,78.6942194917621
"116",2000-10-07,53.8929164277307,21359,33133,6265136,0.528847258862377,64.4644312317025
"117",2000-10-08,59.0640210176991,30146,43392,6265136,0.692594701854836,69.4736356932153
"118",2000-10-09,53.5434686996042,8640,13642,6265136,0.217744674656703,63.3338220202316
"119",2000-10-10,58.1570377717167,25386,36297,6265136,0.579348955872626,69.9396644350773
"120",2000-10-11,56.0673618940248,2257,3548,6265136,0.0566308536638311,63.6133032694476
"121",2000-10-12,44.7961075069509,529,1079,6265136,0.0172222917427491,49.0268767377201
"122",2000-10-13,37.6737400530504,264,754,6265136,0.0120348544708367,35.0132625994695
"123",2000-10-14,47.3210191082803,484,785,6265136,0.0125296561798499,61.656050955414
"124",2000-10-15,37.2748538011696,334,855,6265136,0.0136469503614926,39.0643274853801
"125",2000-10-16,22.6066790352505,11,539,6265136,0.00860316519864852,2.04081632653061
"126",2000-10-17,58.0771028037383,297,428,6265136,0.00683145585347229,69.392523364486
"127",2000-10-18,32.2051282051282,29,234,6265136,0.00373495483577691,12.3931623931624
"128",2000-10-19,75.617823479006,1113,1167,6265136,0.0186268901425284,95.3727506426735
"129",2000-10-20,52.229381443299,217,388,6265136,0.00619300203539077,55.9278350515464
"130",2000-10-21,63.0631704410012,549,839,6265136,0.0133915688342599,65.435041716329
"131",2000-10-22,63.0170454545455,140,176,6265136,0.0028091967995587,79.5454545454545
"132",2000-10-23,76.9494079655544,876,929,6265136,0.0148280899249434,94.2949407965554
"133",2000-10-24,69.6705685618729,510,598,6265136,0.00954488458031877,85.2842809364548
"134",2000-10-25,52.530487804878,110,164,6265136,0.00261766065413424,67.0731707317073
"135",2000-10-26,64.3002070393375,862,966,6265136,0.0154186597066688,89.2339544513458
"136",2000-10-28,68.6380753138075,396,478,6265136,0.0076295231260742,82.8451882845188
"137",2000-10-29,58.582,359,500,6265136,0.00798067272601904,71.8
"138",2000-10-30,NA,0,0,6265136,0,NA
"139",2000-10-31,NA,0,0,6265136,0,NA
"140",2000-11-01,NA,0,0,6265136,0,NA
"141",2000-11-02,NA,0,0,6265136,0,NA
"142",2000-11-03,NA,0,0,6265136,0,NA
"143",2000-11-04,NA,0,0,6265136,0,NA
"144",2000-11-05,NA,0,0,6265136,0,NA
"145",2000-11-06,NA,0,0,6265136,0,NA
"146",2000-11-07,NA,0,0,6265136,0,NA
"147",2000-11-08,NA,0,0,6265136,0,NA
"148",2000-11-09,NA,0,0,6265136,0,NA
"149",2000-11-10,NA,0,0,6265136,0,NA
"150",2000-11-11,NA,0,0,6265136,0,NA
"151",2000-11-12,NA,0,0,6265136,0,NA
"152",2000-11-13,NA,0,0,6265136,0,NA
"153",2000-11-14,NA,0,0,6265136,0,NA
"154",2000-11-15,NA,0,0,6265136,0,NA
"155",2000-11-16,NA,0,0,6265136,0,NA
"156",2000-11-17,NA,0,0,6265136,0,NA
"157",2000-11-18,NA,0,0,6265136,0,NA
"158",2000-11-19,NA,0,0,6265136,0,NA
"159",2000-11-20,NA,0,0,6265136,0,NA
"160",2000-11-21,NA,0,0,6265136,0,NA
"161",2000-11-22,NA,0,0,6265136,0,NA
"162",2000-11-23,NA,0,0,6265136,0,NA
"163",2000-11-24,NA,0,0,6265136,0,NA
"164",2001-01-17,NA,0,0,6265136,0,NA
"165",2001-01-18,NA,0,0,6265136,0,NA
"166",2001-01-19,NA,0,0,6265136,0,NA
"167",2001-01-20,NA,0,0,6265136,0,NA
"168",2001-01-21,NA,0,0,6265136,0,NA
"169",2001-01-22,NA,0,0,6265136,0,NA
"170",2001-01-23,NA,0,0,6265136,0,NA
"171",2001-01-24,NA,0,0,6265136,0,NA
"172",2001-01-25,NA,0,0,6265136,0,NA
"173",2001-01-26,NA,0,0,6265136,0,NA
"174",2001-01-27,NA,0,0,6265136,0,NA
"175",2001-01-28,NA,0,0,6265136,0,NA
"176",2001-01-29,NA,0,0,6265136,0,NA
"177",2001-01-30,NA,0,0,6265136,0,NA
"178",2001-01-31,NA,0,0,6265136,0,NA
"179",2001-02-01,NA,0,0,6265136,0,NA
"180",2001-02-02,NA,0,0,6265136,0,NA
"181",2001-02-03,NA,0,0,6265136,0,NA
"182",2001-02-04,NA,0,0,6265136,0,NA
"183",2001-02-05,NA,0,0,6265136,0,NA
"184",2001-02-06,NA,0,0,6265136,0,NA
"185",2001-02-07,NA,0,0,6265136,0,NA
"186",2001-02-08,NA,0,0,6265136,0,NA
"187",2001-02-09,NA,0,0,6265136,0,NA
"188",2001-02-10,NA,0,0,6265136,0,NA
"189",2001-02-11,NA,0,0,6265136,0,NA
"190",2001-02-12,57.6525423728814,170,236,6265136,0.00376687752668098,72.0338983050847
"191",2001-02-13,70.8778280542986,580,663,6265136,0.0105823720347012,87.4811463046757
"192",2001-02-14,51.1139705882353,161,272,6265136,0.00434148596295436,59.1911764705882
"193",2001-02-15,46.6239130434783,244,460,6265136,0.00734221890793751,53.0434782608696
"194",2001-02-16,NA,0,0,6265136,0,NA
"195",2001-02-17,NA,0,0,6265136,0,NA
"196",2001-02-18,72.3147751605996,864,934,6265136,0.0149078966522036,92.5053533190578
"197",2001-02-19,55.2542857142857,244,350,6265136,0.00558647090821333,69.7142857142857
"198",2001-02-20,59.1495016611296,405,602,6265136,0.00960872996212692,67.2757475083057
"199",2001-02-21,57.859793814433,346,485,6265136,0.00774125254423847,71.340206185567
"200",2001-02-22,49.8513513513514,82,148,6265136,0.00236227912690163,55.4054054054054
"201",2001-02-23,61.6690476190476,355,420,6265136,0.00670376508985599,84.5238095238095
"202",2001-02-24,NA,0,0,6265136,0,NA
"203",2001-02-25,48.8360655737705,87,183,6265136,0.00292092621772297,47.5409836065574
"204",2001-02-26,61.0687116564417,651,815,6265136,0.013008496543411,79.8773006134969
"205",2001-02-27,59.139599170698,1153,1447,6265136,0.0230960668690991,79.6821008984105
"206",2001-02-28,59.0429509853461,2920,3958,6265136,0.0631750052991667,73.7746336533603
"207",2001-03-01,50.5786471067645,1331,2454,6265136,0.0391691417393014,54.2379788101059
"208",2001-03-02,66.9701999775306,33769,35604,6265136,0.568287743474364,94.8460847095832
"209",2001-03-03,66.8471534102709,31782,33707,6265136,0.538009071151847,94.2890200848488
"210",2001-03-04,70.4205973680319,51676,54104,6265136,0.863572634337068,95.5123465917492
"211",2001-03-05,60.5122070930969,56975,63160,6265136,1.00811857875072,90.2074097530082
"212",2001-03-06,65.5476906451158,74942,85132,6265136,1.35882126102291,88.030352863788
"213",2001-03-07,59.610292606044,51914,58372,6265136,0.931695656726366,88.9364763927911
"214",2001-03-08,66.0269364211064,89591,93962,6265136,1.4997599413644,95.3481194525446
"215",2001-03-09,57.6270378263186,29833,37540,6265136,0.599188908269509,79.4698987746404
"216",2001-03-10,63.4573785973458,54620,60357,6265136,0.963378927448662,90.4948887452988
"217",2001-03-11,64.3603498871332,82088,88600,6265136,1.41417520705057,92.6501128668172
"218",2001-03-12,66.2639569140122,103885,108620,6265136,1.73372134300038,95.6407659731173
"219",2001-03-13,67.744979064366,120029,124429,6265136,1.98605425325165,96.4638468524219
"220",2001-03-14,68.8035847297083,168193,170501,6265136,2.72142536091794,98.6463422501921
"221",2001-03-15,65.0881244861144,161377,162974,6265136,2.60128431370045,99.0200890939659
"222",2001-03-16,56.3854023051894,29491,36266,6265136,0.578854154163613,81.318590415265
"223",2001-03-17,64.0676822551572,74418,79888,6265136,1.27511996547242,93.1529140797116
"224",2001-03-18,66.1978551491112,134409,136140,6265136,2.17297756984046,98.7285147642133
"225",2001-03-19,68.0750421706723,136915,138722,6265136,2.21418976379763,98.6973947895792
"226",2001-03-20,70.2185729763195,160704,161525,6265136,2.57815632414045,99.4917195480576
"227",2001-03-21,70.1153302541582,157543,158484,6265136,2.5296178726208,99.4062492112769
"228",2001-03-22,71.7109794940331,169230,169853,6265136,2.71108240906502,99.6332122482382
"229",2001-03-23,69.8439871413377,166854,167358,6265136,2.67125885216219,99.6988491736278
"230",2001-03-24,71.4002266378538,189568,189730,6265136,3.02834607261518,99.9146155062457
"231",2001-03-25,67.6136213647763,90269,90916,6265136,1.45114168311749,99.2883540850895
"232",2001-03-26,68.419058160366,87313,87637,6265136,1.39880443138026,99.6302931410249
"233",2001-03-27,64.1569768857929,41048,41057,6265136,0.655324960224327,99.9780792556689
"234",2001-03-28,70.1823359201072,173619,173833,6265136,2.77460856396413,99.8768933401598
"235",2001-03-29,70.5034498757249,150675,150875,6265136,2.40816799507624,99.86743993372
"236",2001-03-30,67.7047962116965,82337,83837,6265136,1.33815131866252,98.2108138411441
"237",2001-03-31,67.4929746021896,89587,90244,6265136,1.44041565897372,99.2719737600284
"238",2001-04-01,68.5014847483131,124537,124937,6265136,1.99416261674128,99.6798386386739
"239",2001-04-02,68.7901244588745,73478,73920,6265136,1.17986265581465,99.4020562770563
"240",2001-04-03,68.3219334631338,58777,59065,6265136,0.942756869124629,99.512401591467
"241",2001-04-04,71.6648085967768,166265,166481,6265136,2.65726075220075,99.8702554645876
"242",2001-04-05,73.2861601260242,201705,201866,6265136,3.22205296102112,99.9202441223386
"243",2001-04-06,74.5308814215419,225696,225783,6265136,3.60380046019751,99.9614674266885
"244",2001-04-07,64.3159803593349,35688,35844,6265136,0.572118466382853,99.5647807164379
"245",2001-04-08,68.6074983299933,119610,119760,6265136,1.91153073133608,99.874749498998
"246",2001-04-09,70.3687013933895,148032,148128,6265136,2.3643221791195,99.9351911860013
"247",2001-04-10,70.7771381895801,129718,129771,6265136,2.07131976065643,99.9591588259318
"248",2001-04-11,72.7105952975353,176216,176248,6265136,2.81315521323081,99.981843765603
"249",2001-04-12,73.1329051639302,212352,212377,6265136,3.38982266306749,99.9882284804852
"250",2001-04-13,69.9772129143597,138747,139070,6265136,2.21974431201493,99.7677428633063
"251",2001-04-14,68.9752934349964,98191,98233,6265136,1.56793084779006,99.9572445105005
"252",2001-04-15,69.70900857068,53311,53438,6265136,0.85294237826601,99.7623414049927
"253",2001-04-16,64.5951270951271,17783,18018,6265136,0.287591522354822,98.6957486957487
"254",2001-04-17,74.4124792200387,248985,249038,6265136,3.97498154868466,99.9787181072768
"255",2001-04-18,73.0277155016815,210124,210532,6265136,3.36037398070848,99.8062052324587
"256",2001-04-19,70.2473033302831,144148,144252,6265136,2.3024560041474,99.9279039458725
"257",2001-04-20,71.9853291214285,112636,113013,6265136,1.80383953357118,99.6664100590198
"258",2001-04-21,67.725872529047,44497,44669,6265136,0.712977339997089,99.6149454879223
"259",2001-04-22,72.5990839076367,143087,143217,6265136,2.28593601160454,99.909228653023
"260",2001-04-23,73.8814567014796,183638,183840,6265136,2.93433374790268,99.8901218450827
"261",2001-04-24,75.1430784182713,131402,131704,6265136,2.10217304141522,99.7706979286886
"262",2001-04-25,74.2329815661941,43874,44158,6265136,0.704821092471097,99.356854930024
"263",2001-04-26,78.3879685080502,107012,107202,6265136,1.71108815514939,99.8227645006623
"264",2001-04-27,75.5902306979466,40566,41006,6265136,0.654510931606273,98.9269862946886
"265",2001-04-28,74.1936643087233,61444,61777,6265136,0.986044037990556,99.4609644366026
"266",2001-04-29,66.8343272537326,22786,22973,6265136,0.366679989069671,99.1860009576459
"267",2001-04-30,72.8657588265645,54031,54268,6265136,0.866190294991202,99.5632785435247
"268",2001-05-01,73.6245194833928,36083,36159,6265136,0.577146290200245,99.789817196272
"269",2001-05-02,71.0716779934667,26552,26633,6265136,0.42509851342413,99.695866030864
"270",2001-05-03,73.0306727135299,65779,66150,6265136,1.05584300165232,99.4391534391534
"271",2001-05-04,75.1182277946706,127693,127931,6265136,2.04195088502468,99.813962214006
"272",2001-05-05,75.8891486966312,57421,57735,6265136,0.921528279673418,99.4561357928466
"273",2001-05-06,75.5683485755683,161272,161503,6265136,2.5778051745405,99.8569686012025
"274",2001-05-07,74.8942212552727,172566,172823,6265136,2.75848760505758,99.851292941333
"275",2001-05-08,65.8645107332032,17841,17935,6265136,0.286266730682303,99.4758851407862
"276",2001-05-09,69.8196198574465,15812,15994,6265136,0.255285759159897,98.8620732774791
"277",2001-05-10,72.9745005444302,168771,168984,6265136,2.6972119998672,99.8739525635563
"278",2001-05-11,76.6470153467978,240546,240832,6265136,3.84400274790523,99.8812450172735
"279",2001-05-12,79.3451584784863,132949,133078,6265136,2.12410393006632,99.9030643682652
"280",2001-05-13,78.9050362316109,132417,132619,6265136,2.11677767250384,99.8476839668524
"281",2001-05-14,77.395161973621,141282,141628,6265136,2.26057343368125,99.7556980258141
"282",2001-05-15,78.3208164398227,100575,100877,6265136,1.61013264516524,99.7006255142401
"283",2001-05-16,79.0357628122496,57112,57406,6265136,0.916276997019698,99.4878584120127
"284",2001-05-17,77.1528632699257,100392,100724,6265136,1.60769055931108,99.6703864024463
"285",2001-05-18,75.9710304385231,170409,170869,6265136,2.72729913604429,99.7307879135478
"286",2001-05-19,71.5459361542142,29236,29258,6265136,0.46699704523573,99.9248068904231
"287",2001-05-20,67.0511098130841,6703,6848,6265136,0.109303293655557,97.8825934579439
"288",2001-05-21,76.0710330883048,52659,52919,6265136,0.844658439976403,99.5086830816909
"289",2001-05-22,78.3707195119154,86719,87198,6265136,1.39179740072682,99.4506754742081
"290",2001-05-23,78.9602979241008,172497,173467,6265136,2.76876671152869,99.4408158324062
"291",2001-05-24,78.2890165617514,95880,96427,6265136,1.53910465790368,99.4327314963651
"292",2001-05-25,79.5127413708736,52783,53134,6265136,0.848090129248591,99.3394060300373
"293",2001-05-26,80.7675270873168,18732,18828,6265136,0.300520212170973,99.4901210962396
"294",2001-05-27,74.5492403689637,7346,7372,6265136,0.117667038672425,99.6473141616929
"295",2001-05-28,74.2730904442314,6101,6258,6265136,0.0998860998388542,97.4912112496005
"296",2001-05-29,72.6931650328992,103504,104258,6265136,1.66409795413859,99.276794106927
"297",2001-05-30,72.5579076374575,17924,17951,6265136,0.286522112209535,99.8495905520584
"298",2001-05-31,68.6955414012739,5444,5495,6265136,0.0877075932589492,99.0718835304823
