monat,temperatur_mittel_c,globalstrahlung_mittel_kwh_m2_tag,globalstrahlung_monatssumme_kwh_m2,anzahl_gitterpunkte,datenabdeckung_prozent,region,datenquelle
2000-01,-10.353,0.0,0.0,105,100.0,Svalbard (Landflächen inkl. Bjørnøya),NASA POWER (MERRA-2/SYN1DEG)
2000-02,-14.027,0.0226,0.656,105,100.0,Svalbard (Landflächen inkl. Bjørnøya),NASA POWER (MERRA-2/SYN1DEG)
2000-03,-14.211,0.763,23.654,105,100.0,Svalbard (Landflächen inkl. Bjørnøya),NASA POWER (MERRA-2/SYN1DEG)
2000-04,-12.996,3.2004,96.011,105,100.0,Svalbard (Landflächen inkl. Bjørnøya),NASA POWER (MERRA-2/SYN1DEG)
2000-05,-6.653,5.0218,155.675,105,100.0,Svalbard (Landflächen inkl. Bjørnøya),NASA POWER (MERRA-2/SYN1DEG)
2000-06,-1.721,6.492,194.76,105,100.0,Svalbard (Landflächen inkl. Bjørnøya),NASA POWER (MERRA-2/SYN1DEG)
2000-07,1.248,5.2289,162.095,105,100.0,Svalbard (Landflächen inkl. Bjørnøya),NASA POWER (MERRA-2/SYN1DEG)
2000-08,0.549,3.1821,98.644,105,100.0,Svalbard (Landflächen inkl. Bjørnøya),NASA POWER (MERRA-2/SYN1DEG)
2000-09,-1.479,1.1557,34.672,105,100.0,Svalbard (Landflächen inkl. Bjørnøya),NASA POWER (MERRA-2/SYN1DEG)
2000-10,-2.135,0.1193,3.699,105,100.0,Svalbard (Landflächen inkl. Bjørnøya),NASA POWER (MERRA-2/SYN1DEG)
2000-11,-6.35,0.0,0.0,105,100.0,Svalbard (Landflächen inkl. Bjørnøya),NASA POWER (MERRA-2/SYN1DEG)
2000-12,-11.696,0.0,0.0,105,100.0,Svalbard (Landflächen inkl. Bjørnøya),NASA POWER (MERRA-2/SYN1DEG)
2001-01,-10.914,0.0,0.0,105,100.0,Svalbard (Landflächen inkl. Bjørnøya),NASA POWER (MERRA-2/SYN1DEG)
2001-02,-10.669,0.0168,0.471,105,100.0,Svalbard (Landflächen inkl. Bjørnøya),NASA POWER (MERRA-2/SYN1DEG)
2001-03,-15.907,0.8893,27.567,105,100.0,Svalbard (Landflächen inkl. Bjørnøya),NASA POWER (MERRA-2/SYN1DEG)
2001-04,-12.96,3.4426,103.277,105,100.0,Svalbard (Landflächen inkl. Bjørnøya),NASA POWER (MERRA-2/SYN1DEG)
2001-05,-5.972,5.7681,178.81,105,100.0,Svalbard (Landflächen inkl. Bjørnøya),NASA POWER (MERRA-2/SYN1DEG)
2001-06,-1.001,6.6062,198.186,105,100.0,Svalbard (Landflächen inkl. Bjørnøya),NASA POWER (MERRA-2/SYN1DEG)
2001-07,1.543,5.2333,162.231,105,100.0,Svalbard (Landflächen inkl. Bjørnøya),NASA POWER (MERRA-2/SYN1DEG)
2001-08,1.745,3.2125,99.588,105,100.0,Svalbard (Landflächen inkl. Bjørnøya),NASA POWER (MERRA-2/SYN1DEG)
2001-09,-0.381,1.0174,30.523,105,100.0,Svalbard (Landflächen inkl. Bjørnøya),NASA POWER (MERRA-2/SYN1DEG)
2001-10,-6.773,0.1056,3.275,105,100.0,Svalbard (Landflächen inkl. Bjørnøya),NASA POWER (MERRA-2/SYN1DEG)
2001-11,-13.286,0.0,0.0,105,100.0,Svalbard (Landflächen inkl. Bjørnøya),NASA POWER (MERRA-2/SYN1DEG)
2001-12,-11.528,0.0,0.0,105,100.0,Svalbard (Landflächen inkl. Bjørnøya),NASA POWER (MERRA-2/SYN1DEG)
2002-01,-14.503,0.0,0.0,105,100.0,Svalbard (Landflächen inkl. Bjørnøya),NASA POWER (MERRA-2/SYN1DEG)
2002-02,-16.373,0.0143,0.402,105,100.0,Svalbard (Landflächen inkl. Bjørnøya),NASA POWER (MERRA-2/SYN1DEG)
2002-03,-16.98,0.7272,22.544,105,100.0,Svalbard (Landflächen inkl. Bjørnøya),NASA POWER (MERRA-2/SYN1DEG)
2002-04,-8.799,3.1719,95.158,105,100.0,Svalbard (Landflächen inkl. Bjørnøya),NASA POWER (MERRA-2/SYN1DEG)
2002-05,-6.788,6.2573,193.975,105,100.0,Svalbard (Landflächen inkl. Bjørnøya),NASA POWER (MERRA-2/SYN1DEG)
2002-06,0.041,6.3838,191.514,105,100.0,Svalbard (Landflächen inkl. Bjørnøya),NASA POWER (MERRA-2/SYN1DEG)
2002-07,2.182,5.3477,165.779,105,100.0,Svalbard (Landflächen inkl. Bjørnøya),NASA POWER (MERRA-2/SYN1DEG)
2002-08,2.162,2.9868,92.591,105,100.0,Svalbard (Landflächen inkl. Bjørnøya),NASA POWER (MERRA-2/SYN1DEG)
2002-09,-3.423,1.2579,37.737,105,100.0,Svalbard (Landflächen inkl. Bjørnøya),NASA POWER (MERRA-2/SYN1DEG)
2002-10,-6.394,0.1079,3.345,105,100.0,Svalbard (Landflächen inkl. Bjørnøya),NASA POWER (MERRA-2/SYN1DEG)
2002-11,-9.484,0.0,0.0,105,100.0,Svalbard (Landflächen inkl. Bjørnøya),NASA POWER (MERRA-2/SYN1DEG)
2002-12,-10.988,0.0,0.0,105,100.0,Svalbard (Landflächen inkl. Bjørnøya),NASA POWER (MERRA-2/SYN1DEG)
2003-01,-18.048,0.0,0.0,105,100.0,Svalbard (Landflächen inkl. Bjørnøya),NASA POWER (MERRA-2/SYN1DEG)
2003-02,-13.889,0.0154,0.43,105,100.0,Svalbard (Landflächen inkl. Bjørnøya),NASA POWER (MERRA-2/SYN1DEG)
2003-03,-18.208,0.8177,25.348,105,100.0,Svalbard (Landflächen inkl. Bjørnøya),NASA POWER (MERRA-2/SYN1DEG)
2003-04,-10.617,3.2162,96.485,105,100.0,Svalbard (Landflächen inkl. Bjørnøya),NASA POWER (MERRA-2/SYN1DEG)
2003-05,-5.093,5.5757,172.846,105,100.0,Svalbard (Landflächen inkl. Bjørnøya),NASA POWER (MERRA-2/SYN1DEG)
2003-06,-0.658,5.8786,176.359,105,100.0,Svalbard (Landflächen inkl. Bjørnøya),NASA POWER (MERRA-2/SYN1DEG)
2003-07,1.923,5.5404,171.754,105,100.0,Svalbard (Landflächen inkl. Bjørnøya),NASA POWER (MERRA-2/SYN1DEG)
2003-08,1.634,3.6462,113.032,105,100.0,Svalbard (Landflächen inkl. Bjørnøya),NASA POWER (MERRA-2/SYN1DEG)
2003-09,-3.013,1.1625,34.876,105,100.0,Svalbard (Landflächen inkl. Bjørnøya),NASA POWER (MERRA-2/SYN1DEG)
2003-10,-6.826,0.1004,3.114,105,100.0,Svalbard (Landflächen inkl. Bjørnøya),NASA POWER (MERRA-2/SYN1DEG)
2003-11,-9.472,0.0,0.0,105,100.0,Svalbard (Landflächen inkl. Bjørnøya),NASA POWER (MERRA-2/SYN1DEG)
2003-12,-17.778,0.0,0.0,105,100.0,Svalbard (Landflächen inkl. Bjørnøya),NASA POWER (MERRA-2/SYN1DEG)
2004-01,-18.108,0.0,0.0,105,100.0,Svalbard (Landflächen inkl. Bjørnøya),NASA POWER (MERRA-2/SYN1DEG)
2004-02,-17.16,0.0192,0.557,105,100.0,Svalbard (Landflächen inkl. Bjørnøya),NASA POWER (MERRA-2/SYN1DEG)
2004-03,-8.948,0.7131,22.105,105,100.0,Svalbard (Landflächen inkl. Bjørnøya),NASA POWER (MERRA-2/SYN1DEG)
2004-04,-6.881,2.7992,83.975,105,100.0,Svalbard (Landflächen inkl. Bjørnøya),NASA POWER (MERRA-2/SYN1DEG)
2004-05,-4.375,5.4982,170.445,105,100.0,Svalbard (Landflächen inkl. Bjørnøya),NASA POWER (MERRA-2/SYN1DEG)
2004-06,-1.027,5.9412,178.235,105,100.0,Svalbard (Landflächen inkl. Bjørnøya),NASA POWER (MERRA-2/SYN1DEG)
2004-07,2.507,5.1041,158.227,105,100.0,Svalbard (Landflächen inkl. Bjørnøya),NASA POWER (MERRA-2/SYN1DEG)
2004-08,1.31,3.1615,98.007,105,100.0,Svalbard (Landflächen inkl. Bjørnøya),NASA POWER (MERRA-2/SYN1DEG)
2004-09,-1.743,1.1035,33.105,105,100.0,Svalbard (Landflächen inkl. Bjørnøya),NASA POWER (MERRA-2/SYN1DEG)
2004-10,-6.193,0.099,3.068,105,100.0,Svalbard (Landflächen inkl. Bjørnøya),NASA POWER (MERRA-2/SYN1DEG)
2004-11,-13.689,0.0,0.0,105,100.0,Svalbard (Landflächen inkl. Bjørnøya),NASA POWER (MERRA-2/SYN1DEG)
2004-12,-9.227,0.0,0.0,105,100.0,Svalbard (Landflächen inkl. Bjørnøya),NASA POWER (MERRA-2/SYN1DEG)
2005-01,-10.199,0.0,0.0,105,100.0,Svalbard (Landflächen inkl. Bjørnøya),NASA POWER (MERRA-2/SYN1DEG)
2005-02,-9.7,0.0176,0.492,105,100.0,Svalbard (Landflächen inkl. Bjørnøya),NASA POWER (MERRA-2/SYN1DEG)
2005-03,-18.16,0.8676,26.896,105,100.0,Svalbard (Landflächen inkl. Bjørnøya),NASA POWER (MERRA-2/SYN1DEG)
2005-04,-12.671,3.385,101.551,105,100.0,Svalbard (Landflächen inkl. Bjørnøya),NASA POWER (MERRA-2/SYN1DEG)
2005-05,-5.198,5.5833,173.083,105,100.0,Svalbard (Landflächen inkl. Bjørnøya),NASA POWER (MERRA-2/SYN1DEG)
2005-06,0.137,6.3249,189.746,105,100.0,Svalbard (Landflächen inkl. Bjørnøya),NASA POWER (MERRA-2/SYN1DEG)
2005-07,1.819,5.2562,162.943,105,100.0,Svalbard (Landflächen inkl. Bjørnøya),NASA POWER (MERRA-2/SYN1DEG)
2005-08,1.234,2.9073,90.127,105,100.0,Svalbard (Landflächen inkl. Bjørnøya),NASA POWER (MERRA-2/SYN1DEG)
2005-09,-4.094,1.0782,32.347,105,100.0,Svalbard (Landflächen inkl. Bjørnøya),NASA POWER (MERRA-2/SYN1DEG)
2005-10,-8.744,0.1008,3.124,105,100.0,Svalbard (Landflächen inkl. Bjørnøya),NASA POWER (MERRA-2/SYN1DEG)
2005-11,-8.285,0.0,0.0,105,100.0,Svalbard (Landflächen inkl. Bjørnøya),NASA POWER (MERRA-2/SYN1DEG)
2005-12,-7.739,0.0,0.0,105,100.0,Svalbard (Landflächen inkl. Bjørnøya),NASA POWER (MERRA-2/SYN1DEG)
2006-01,-6.223,0.0,0.0,105,100.0,Svalbard (Landflächen inkl. Bjørnøya),NASA POWER (MERRA-2/SYN1DEG)
2006-02,-12.832,0.0143,0.401,105,100.0,Svalbard (Landflächen inkl. Bjørnøya),NASA POWER (MERRA-2/SYN1DEG)
2006-03,-18.381,0.8464,26.237,105,100.0,Svalbard (Landflächen inkl. Bjørnøya),NASA POWER (MERRA-2/SYN1DEG)
2006-04,-4.735,2.5624,76.873,105,100.0,Svalbard (Landflächen inkl. Bjørnøya),NASA POWER (MERRA-2/SYN1DEG)
2006-05,-3.609,4.7901,148.492,105,100.0,Svalbard (Landflächen inkl. Bjørnøya),NASA POWER (MERRA-2/SYN1DEG)
2006-06,-0.397,5.824,174.719,105,100.0,Svalbard (Landflächen inkl. Bjørnøya),NASA POWER (MERRA-2/SYN1DEG)
2006-07,2.103,4.94,153.139,105,100.0,Svalbard (Landflächen inkl. Bjørnøya),NASA POWER (MERRA-2/SYN1DEG)
2006-08,1.137,3.1982,99.144,105,100.0,Svalbard (Landflächen inkl. Bjørnøya),NASA POWER (MERRA-2/SYN1DEG)
2006-09,-2.679,1.2079,36.236,105,100.0,Svalbard (Landflächen inkl. Bjørnøya),NASA POWER (MERRA-2/SYN1DEG)
2006-10,-9.473,0.1129,3.501,105,100.0,Svalbard (Landflächen inkl. Bjørnøya),NASA POWER (MERRA-2/SYN1DEG)
2006-11,-7.594,0.0,0.0,105,100.0,Svalbard (Landflächen inkl. Bjørnøya),NASA POWER (MERRA-2/SYN1DEG)
2006-12,-10.078,0.0,0.0,105,100.0,Svalbard (Landflächen inkl. Bjørnøya),NASA POWER (MERRA-2/SYN1DEG)
2007-01,-12.811,0.0,0.0,105,100.0,Svalbard (Landflächen inkl. Bjørnøya),NASA POWER (MERRA-2/SYN1DEG)
2007-02,-12.805,0.0141,0.394,105,100.0,Svalbard (Landflächen inkl. Bjørnøya),NASA POWER (MERRA-2/SYN1DEG)
2007-03,-11.274,0.7601,23.563,105,100.0,Svalbard (Landflächen inkl. Bjørnøya),NASA POWER (MERRA-2/SYN1DEG)
2007-04,-13.933,3.3462,100.385,105,100.0,Svalbard (Landflächen inkl. Bjørnøya),NASA POWER (MERRA-2/SYN1DEG)
2007-05,-5.808,5.6564,175.347,105,100.0,Svalbard (Landflächen inkl. Bjørnøya),NASA POWER (MERRA-2/SYN1DEG)
2007-06,-0.092,5.9661,178.982,105,100.0,Svalbard (Landflächen inkl. Bjørnøya),NASA POWER (MERRA-2/SYN1DEG)
2007-07,1.761,5.4229,168.108,105,100.0,Svalbard (Landflächen inkl. Bjørnøya),NASA POWER (MERRA-2/SYN1DEG)
2007-08,0.951,3.1504,97.662,105,100.0,Svalbard (Landflächen inkl. Bjørnøya),NASA POWER (MERRA-2/SYN1DEG)
2007-09,-1.974,1.1535,34.605,105,100.0,Svalbard (Landflächen inkl. Bjørnøya),NASA POWER (MERRA-2/SYN1DEG)
2007-10,-5.509,0.1068,3.31,105,100.0,Svalbard (Landflächen inkl. Bjørnøya),NASA POWER (MERRA-2/SYN1DEG)
2007-11,-7.216,0.0,0.0,105,100.0,Svalbard (Landflächen inkl. Bjørnøya),NASA POWER (MERRA-2/SYN1DEG)
2007-12,-10.076,0.0,0.0,105,100.0,Svalbard (Landflächen inkl. Bjørnøya),NASA POWER (MERRA-2/SYN1DEG)
2008-01,-11.352,0.0,0.0,105,100.0,Svalbard (Landflächen inkl. Bjørnøya),NASA POWER (MERRA-2/SYN1DEG)
2008-02,-12.974,0.0191,0.554,105,100.0,Svalbard (Landflächen inkl. Bjørnøya),NASA POWER (MERRA-2/SYN1DEG)
2008-03,-20.247,0.947,29.356,105,100.0,Svalbard (Landflächen inkl. Bjørnøya),NASA POWER (MERRA-2/SYN1DEG)
2008-04,-14.027,3.5573,106.72,105,100.0,Svalbard (Landflächen inkl. Bjørnøya),NASA POWER (MERRA-2/SYN1DEG)
2008-05,-6.2,5.8371,180.949,105,100.0,Svalbard (Landflächen inkl. Bjørnøya),NASA POWER (MERRA-2/SYN1DEG)
2008-06,-1.107,6.5038,195.115,105,100.0,Svalbard (Landflächen inkl. Bjørnøya),NASA POWER (MERRA-2/SYN1DEG)
2008-07,1.515,5.5881,173.231,105,100.0,Svalbard (Landflächen inkl. Bjørnøya),NASA POWER (MERRA-2/SYN1DEG)
2008-08,0.973,3.3349,103.381,105,100.0,Svalbard (Landflächen inkl. Bjørnøya),NASA POWER (MERRA-2/SYN1DEG)
2008-09,-0.761,1.0797,32.39,105,100.0,Svalbard (Landflächen inkl. Bjørnøya),NASA POWER (MERRA-2/SYN1DEG)
2008-10,-8.591,0.1063,3.295,105,100.0,Svalbard (Landflächen inkl. Bjørnøya),NASA POWER (MERRA-2/SYN1DEG)
2008-11,-11.621,0.0,0.0,105,100.0,Svalbard (Landflächen inkl. Bjørnøya),NASA POWER (MERRA-2/SYN1DEG)
2008-12,-11.199,0.0,0.0,105,100.0,Svalbard (Landflächen inkl. Bjørnøya),NASA POWER (MERRA-2/SYN1DEG)
2009-01,-14.779,0.0,0.0,105,100.0,Svalbard (Landflächen inkl. Bjørnøya),NASA POWER (MERRA-2/SYN1DEG)
2009-02,-14.44,0.0171,0.48,105,100.0,Svalbard (Landflächen inkl. Bjørnøya),NASA POWER (MERRA-2/SYN1DEG)
2009-03,-15.209,0.7804,24.193,105,100.0,Svalbard (Landflächen inkl. Bjørnøya),NASA POWER (MERRA-2/SYN1DEG)
2009-04,-17.3,3.7496,112.488,105,100.0,Svalbard (Landflächen inkl. Bjørnøya),NASA POWER (MERRA-2/SYN1DEG)
2009-05,-5.104,5.3226,164.999,105,100.0,Svalbard (Landflächen inkl. Bjørnøya),NASA POWER (MERRA-2/SYN1DEG)
2009-06,-1.086,5.9908,179.724,105,100.0,Svalbard (Landflächen inkl. Bjørnøya),NASA POWER (MERRA-2/SYN1DEG)
2009-07,1.875,5.4175,167.944,105,100.0,Svalbard (Landflächen inkl. Bjørnøya),NASA POWER (MERRA-2/SYN1DEG)
2009-08,1.81,3.045,94.396,105,100.0,Svalbard (Landflächen inkl. Bjørnøya),NASA POWER (MERRA-2/SYN1DEG)
2009-09,-1.73,1.119,33.569,105,100.0,Svalbard (Landflächen inkl. Bjørnøya),NASA POWER (MERRA-2/SYN1DEG)
2009-10,-6.352,0.0995,3.086,105,100.0,Svalbard (Landflächen inkl. Bjørnøya),NASA POWER (MERRA-2/SYN1DEG)
2009-11,-5.346,0.0,0.0,105,100.0,Svalbard (Landflächen inkl. Bjørnøya),NASA POWER (MERRA-2/SYN1DEG)
2009-12,-8.358,0.0,0.0,105,100.0,Svalbard (Landflächen inkl. Bjørnøya),NASA POWER (MERRA-2/SYN1DEG)
2010-01,-10.879,0.0,0.0,105,100.0,Svalbard (Landflächen inkl. Bjørnøya),NASA POWER (MERRA-2/SYN1DEG)
2010-02,-15.081,0.0164,0.458,105,100.0,Svalbard (Landflächen inkl. Bjørnøya),NASA POWER (MERRA-2/SYN1DEG)
2010-03,-17.221,0.8532,26.448,105,100.0,Svalbard (Landflächen inkl. Bjørnøya),NASA POWER (MERRA-2/SYN1DEG)
2010-04,-11.498,3.3767,101.3,105,100.0,Svalbard (Landflächen inkl. Bjørnøya),NASA POWER (MERRA-2/SYN1DEG)
2010-05,-3.514,5.2022,161.269,105,100.0,Svalbard (Landflächen inkl. Bjørnøya),NASA POWER (MERRA-2/SYN1DEG)
2010-06,-0.906,5.9434,178.302,105,100.0,Svalbard (Landflächen inkl. Bjørnøya),NASA POWER (MERRA-2/SYN1DEG)
2010-07,2.008,5.3631,166.255,105,100.0,Svalbard (Landflächen inkl. Bjørnøya),NASA POWER (MERRA-2/SYN1DEG)
2010-08,0.613,3.343,103.633,105,100.0,Svalbard (Landflächen inkl. Bjørnøya),NASA POWER (MERRA-2/SYN1DEG)
2010-09,-1.579,1.1236,33.707,105,100.0,Svalbard (Landflächen inkl. Bjørnøya),NASA POWER (MERRA-2/SYN1DEG)
2010-10,-5.318,0.1009,3.128,105,100.0,Svalbard (Landflächen inkl. Bjørnøya),NASA POWER (MERRA-2/SYN1DEG)
2010-11,-14.925,0.0,0.0,105,100.0,Svalbard (Landflächen inkl. Bjørnøya),NASA POWER (MERRA-2/SYN1DEG)
2010-12,-17.311,0.0,0.0,105,100.0,Svalbard (Landflächen inkl. Bjørnøya),NASA POWER (MERRA-2/SYN1DEG)
2011-01,-20.383,0.0,0.0,105,100.0,Svalbard (Landflächen inkl. Bjørnøya),NASA POWER (MERRA-2/SYN1DEG)
2011-02,-16.205,0.0142,0.398,105,100.0,Svalbard (Landflächen inkl. Bjørnøya),NASA POWER (MERRA-2/SYN1DEG)
2011-03,-14.76,0.7867,24.388,105,100.0,Svalbard (Landflächen inkl. Bjørnøya),NASA POWER (MERRA-2/SYN1DEG)
2011-04,-9.645,3.1291,93.873,105,100.0,Svalbard (Landflächen inkl. Bjørnøya),NASA POWER (MERRA-2/SYN1DEG)
2011-05,-5.482,5.6551,175.308,105,100.0,Svalbard (Landflächen inkl. Bjørnøya),NASA POWER (MERRA-2/SYN1DEG)
2011-06,-0.279,6.7276,201.828,105,100.0,Svalbard (Landflächen inkl. Bjørnøya),NASA POWER (MERRA-2/SYN1DEG)
2011-07,1.692,5.2025,161.278,105,100.0,Svalbard (Landflächen inkl. Bjørnøya),NASA POWER (MERRA-2/SYN1DEG)
2011-08,1.488,3.0378,94.173,105,100.0,Svalbard (Landflächen inkl. Bjørnøya),NASA POWER (MERRA-2/SYN1DEG)
2011-09,0.488,1.0324,30.971,105,100.0,Svalbard (Landflächen inkl. Bjørnøya),NASA POWER (MERRA-2/SYN1DEG)
2011-10,-5.515,0.1154,3.577,105,100.0,Svalbard (Landflächen inkl. Bjørnøya),NASA POWER (MERRA-2/SYN1DEG)
2011-11,-8.568,0.0,0.0,105,100.0,Svalbard (Landflächen inkl. Bjørnøya),NASA POWER (MERRA-2/SYN1DEG)
2011-12,-10.068,0.0,0.0,105,100.0,Svalbard (Landflächen inkl. Bjørnøya),NASA POWER (MERRA-2/SYN1DEG)
2012-01,-7.22,0.0,0.0,105,100.0,Svalbard (Landflächen inkl. Bjørnøya),NASA POWER (MERRA-2/SYN1DEG)
2012-02,-8.347,0.0154,0.445,105,100.0,Svalbard (Landflächen inkl. Bjørnøya),NASA POWER (MERRA-2/SYN1DEG)
2012-03,-8.882,0.7413,22.98,105,100.0,Svalbard (Landflächen inkl. Bjørnøya),NASA POWER (MERRA-2/SYN1DEG)
2012-04,-11.852,3.1895,95.686,105,100.0,Svalbard (Landflächen inkl. Bjørnøya),NASA POWER (MERRA-2/SYN1DEG)
2012-05,-5.57,5.1193,158.7,105,100.0,Svalbard (Landflächen inkl. Bjørnøya),NASA POWER (MERRA-2/SYN1DEG)
2012-06,-0.713,5.986,179.58,105,100.0,Svalbard (Landflächen inkl. Bjørnøya),NASA POWER (MERRA-2/SYN1DEG)
2012-07,1.808,4.7728,147.957,105,100.0,Svalbard (Landflächen inkl. Bjørnøya),NASA POWER (MERRA-2/SYN1DEG)
2012-08,1.667,2.9572,91.673,105,100.0,Svalbard (Landflächen inkl. Bjørnøya),NASA POWER (MERRA-2/SYN1DEG)
2012-09,-0.389,0.9898,29.694,105,100.0,Svalbard (Landflächen inkl. Bjørnøya),NASA POWER (MERRA-2/SYN1DEG)
2012-10,-4.689,0.1101,3.414,105,100.0,Svalbard (Landflächen inkl. Bjørnøya),NASA POWER (MERRA-2/SYN1DEG)
2012-11,-8.735,0.0,0.0,105,100.0,Svalbard (Landflächen inkl. Bjørnøya),NASA POWER (MERRA-2/SYN1DEG)
2012-12,-8.866,0.0,0.0,105,100.0,Svalbard (Landflächen inkl. Bjørnøya),NASA POWER (MERRA-2/SYN1DEG)
2013-01,-10.507,0.0,0.0,105,100.0,Svalbard (Landflächen inkl. Bjørnøya),NASA POWER (MERRA-2/SYN1DEG)
2013-02,-14.489,0.0182,0.511,105,100.0,Svalbard (Landflächen inkl. Bjørnøya),NASA POWER (MERRA-2/SYN1DEG)
2013-03,-18.04,0.8051,24.959,105,100.0,Svalbard (Landflächen inkl. Bjørnøya),NASA POWER (MERRA-2/SYN1DEG)
2013-04,-12.826,3.3097,99.292,105,100.0,Svalbard (Landflächen inkl. Bjørnøya),NASA POWER (MERRA-2/SYN1DEG)
2013-05,-5.193,5.3139,164.732,105,100.0,Svalbard (Landflächen inkl. Bjørnøya),NASA POWER (MERRA-2/SYN1DEG)
2013-06,-0.057,5.8653,175.96,105,100.0,Svalbard (Landflächen inkl. Bjørnøya),NASA POWER (MERRA-2/SYN1DEG)
2013-07,2.406,4.7432,147.038,105,100.0,Svalbard (Landflächen inkl. Bjørnøya),NASA POWER (MERRA-2/SYN1DEG)
2013-08,2.268,2.8484,88.3,105,100.0,Svalbard (Landflächen inkl. Bjørnøya),NASA POWER (MERRA-2/SYN1DEG)
2013-09,0.662,1.2033,36.1,105,100.0,Svalbard (Landflächen inkl. Bjørnøya),NASA POWER (MERRA-2/SYN1DEG)
2013-10,-6.627,0.1051,3.258,105,100.0,Svalbard (Landflächen inkl. Bjørnøya),NASA POWER (MERRA-2/SYN1DEG)
2013-11,-9.995,0.0,0.0,105,100.0,Svalbard (Landflächen inkl. Bjørnøya),NASA POWER (MERRA-2/SYN1DEG)
2013-12,-11.608,0.0,0.0,105,100.0,Svalbard (Landflächen inkl. Bjørnøya),NASA POWER (MERRA-2/SYN1DEG)
2014-01,-8.987,0.0,0.0,105,100.0,Svalbard (Landflächen inkl. Bjørnøya),NASA POWER (MERRA-2/SYN1DEG)
2014-02,-5.876,0.0162,0.452,105,100.0,Svalbard (Landflächen inkl. Bjørnøya),NASA POWER (MERRA-2/SYN1DEG)
2014-03,-11.498,0.7381,22.881,105,100.0,Svalbard (Landflächen inkl. Bjørnøya),NASA POWER (MERRA-2/SYN1DEG)
2014-04,-13.134,3.2586,97.757,105,100.0,Svalbard (Landflächen inkl. Bjørnøya),NASA POWER (MERRA-2/SYN1DEG)
2014-05,-6.254,5.6669,175.673,105,100.0,Svalbard (Landflächen inkl. Bjørnøya),NASA POWER (MERRA-2/SYN1DEG)
2014-06,-0.682,6.3507,190.52,105,100.0,Svalbard (Landflächen inkl. Bjørnøya),NASA POWER (MERRA-2/SYN1DEG)
2014-07,2.501,4.9726,154.15,105,100.0,Svalbard (Landflächen inkl. Bjørnøya),NASA POWER (MERRA-2/SYN1DEG)
2014-08,1.407,3.4056,105.574,105,100.0,Svalbard (Landflächen inkl. Bjørnøya),NASA POWER (MERRA-2/SYN1DEG)
2014-09,-2.412,1.1084,33.251,105,100.0,Svalbard (Landflächen inkl. Bjørnøya),NASA POWER (MERRA-2/SYN1DEG)
2014-10,-5.966,0.1042,3.229,105,100.0,Svalbard (Landflächen inkl. Bjørnøya),NASA POWER (MERRA-2/SYN1DEG)
2014-11,-11.208,0.0,0.0,105,100.0,Svalbard (Landflächen inkl. Bjørnøya),NASA POWER (MERRA-2/SYN1DEG)
2014-12,-13.285,0.0,0.0,105,100.0,Svalbard (Landflächen inkl. Bjørnøya),NASA POWER (MERRA-2/SYN1DEG)
2015-01,-12.758,0.0,0.0,105,100.0,Svalbard (Landflächen inkl. Bjørnøya),NASA POWER (MERRA-2/SYN1DEG)
2015-02,-17.108,0.0154,0.431,105,100.0,Svalbard (Landflächen inkl. Bjørnøya),NASA POWER (MERRA-2/SYN1DEG)
2015-03,-11.416,0.7169,22.225,105,100.0,Svalbard (Landflächen inkl. Bjørnøya),NASA POWER (MERRA-2/SYN1DEG)
2015-04,-10.131,3.0673,92.018,105,100.0,Svalbard (Landflächen inkl. Bjørnøya),NASA POWER (MERRA-2/SYN1DEG)
2015-05,-6.545,5.7795,179.163,105,100.0,Svalbard (Landflächen inkl. Bjørnøya),NASA POWER (MERRA-2/SYN1DEG)
2015-06,-0.502,6.0957,182.872,105,100.0,Svalbard (Landflächen inkl. Bjørnøya),NASA POWER (MERRA-2/SYN1DEG)
2015-07,1.877,5.3151,164.769,105,100.0,Svalbard (Landflächen inkl. Bjørnøya),NASA POWER (MERRA-2/SYN1DEG)
2015-08,1.943,3.1313,97.071,105,100.0,Svalbard (Landflächen inkl. Bjørnøya),NASA POWER (MERRA-2/SYN1DEG)
2015-09,-1.269,1.1206,33.619,105,100.0,Svalbard (Landflächen inkl. Bjørnøya),NASA POWER (MERRA-2/SYN1DEG)
2015-10,-4.388,0.122,3.782,105,100.0,Svalbard (Landflächen inkl. Bjørnøya),NASA POWER (MERRA-2/SYN1DEG)
2015-11,-6.533,0.0,0.0,105,100.0,Svalbard (Landflächen inkl. Bjørnøya),NASA POWER (MERRA-2/SYN1DEG)
2015-12,-8.037,0.0,0.0,105,100.0,Svalbard (Landflächen inkl. Bjørnøya),NASA POWER (MERRA-2/SYN1DEG)
2016-01,-7.205,0.0,0.0,105,100.0,Svalbard (Landflächen inkl. Bjørnøya),NASA POWER (MERRA-2/SYN1DEG)
2016-02,-8.615,0.0166,0.482,105,100.0,Svalbard (Landflächen inkl. Bjørnøya),NASA POWER (MERRA-2/SYN1DEG)
2016-03,-9.228,0.7541,23.378,105,100.0,Svalbard (Landflächen inkl. Bjørnøya),NASA POWER (MERRA-2/SYN1DEG)
2016-04,-10.161,3.1924,95.773,105,100.0,Svalbard (Landflächen inkl. Bjørnøya),NASA POWER (MERRA-2/SYN1DEG)
2016-05,-2.381,4.4976,139.425,105,100.0,Svalbard (Landflächen inkl. Bjørnøya),NASA POWER (MERRA-2/SYN1DEG)
2016-06,0.421,5.4817,164.452,105,100.0,Svalbard (Landflächen inkl. Bjørnøya),NASA POWER (MERRA-2/SYN1DEG)
2016-07,2.779,4.7658,147.74,105,100.0,Svalbard (Landflächen inkl. Bjørnøya),NASA POWER (MERRA-2/SYN1DEG)
2016-08,1.618,3.138,97.279,105,100.0,Svalbard (Landflächen inkl. Bjørnøya),NASA POWER (MERRA-2/SYN1DEG)
2016-09,0.433,1.1564,34.691,105,100.0,Svalbard (Landflächen inkl. Bjørnøya),NASA POWER (MERRA-2/SYN1DEG)
2016-10,-0.915,0.0949,2.941,105,100.0,Svalbard (Landflächen inkl. Bjørnøya),NASA POWER (MERRA-2/SYN1DEG)
2016-11,-3.827,0.0,0.0,105,100.0,Svalbard (Landflächen inkl. Bjørnøya),NASA POWER (MERRA-2/SYN1DEG)
2016-12,-7.613,0.0,0.0,105,100.0,Svalbard (Landflächen inkl. Bjørnøya),NASA POWER (MERRA-2/SYN1DEG)
2017-01,-11.973,0.0,0.0,105,100.0,Svalbard (Landflächen inkl. Bjørnøya),NASA POWER (MERRA-2/SYN1DEG)
2017-02,-9.909,0.019,0.531,105,100.0,Svalbard (Landflächen inkl. Bjørnøya),NASA POWER (MERRA-2/SYN1DEG)
2017-03,-15.78,0.7903,24.499,105,100.0,Svalbard (Landflächen inkl. Bjørnøya),NASA POWER (MERRA-2/SYN1DEG)
2017-04,-12.75,3.5357,106.071,105,100.0,Svalbard (Landflächen inkl. Bjørnøya),NASA POWER (MERRA-2/SYN1DEG)
2017-05,-7.991,6.1495,190.636,105,100.0,Svalbard (Landflächen inkl. Bjørnøya),NASA POWER (MERRA-2/SYN1DEG)
2017-06,-0.286,6.6107,198.321,105,100.0,Svalbard (Landflächen inkl. Bjørnøya),NASA POWER (MERRA-2/SYN1DEG)
2017-07,1.958,5.4843,170.015,105,100.0,Svalbard (Landflächen inkl. Bjørnøya),NASA POWER (MERRA-2/SYN1DEG)
2017-08,1.488,3.1295,97.014,105,100.0,Svalbard (Landflächen inkl. Bjørnøya),NASA POWER (MERRA-2/SYN1DEG)
2017-09,0.969,1.1397,34.191,105,100.0,Svalbard (Landflächen inkl. Bjørnøya),NASA POWER (MERRA-2/SYN1DEG)
2017-10,-2.769,0.1008,3.124,105,100.0,Svalbard (Landflächen inkl. Bjørnøya),NASA POWER (MERRA-2/SYN1DEG)
2017-11,-6.407,0.0,0.0,105,100.0,Svalbard (Landflächen inkl. Bjørnøya),NASA POWER (MERRA-2/SYN1DEG)
2017-12,-7.564,0.0,0.0,105,100.0,Svalbard (Landflächen inkl. Bjørnøya),NASA POWER (MERRA-2/SYN1DEG)
2018-01,-9.47,0.0,0.0,105,100.0,Svalbard (Landflächen inkl. Bjørnøya),NASA POWER (MERRA-2/SYN1DEG)
2018-02,-8.83,0.0144,0.404,105,100.0,Svalbard (Landflächen inkl. Bjørnøya),NASA POWER (MERRA-2/SYN1DEG)
2018-03,-15.181,0.7816,24.231,105,100.0,Svalbard (Landflächen inkl. Bjørnøya),NASA POWER (MERRA-2/SYN1DEG)
2018-04,-11.727,3.285,98.549,105,100.0,Svalbard (Landflächen inkl. Bjørnøya),NASA POWER (MERRA-2/SYN1DEG)
2018-05,-2.297,4.6657,144.636,105,100.0,Svalbard (Landflächen inkl. Bjørnøya),NASA POWER (MERRA-2/SYN1DEG)
2018-06,-0.462,5.2176,156.527,105,100.0,Svalbard (Landflächen inkl. Bjørnøya),NASA POWER (MERRA-2/SYN1DEG)
2018-07,2.469,4.9375,153.064,105,100.0,Svalbard (Landflächen inkl. Bjørnøya),NASA POWER (MERRA-2/SYN1DEG)
2018-08,2.143,2.9426,91.221,105,100.0,Svalbard (Landflächen inkl. Bjørnøya),NASA POWER (MERRA-2/SYN1DEG)
2018-09,-1.158,1.1567,34.7,105,100.0,Svalbard (Landflächen inkl. Bjørnøya),NASA POWER (MERRA-2/SYN1DEG)
2018-10,-3.768,0.1106,3.427,105,100.0,Svalbard (Landflächen inkl. Bjørnøya),NASA POWER (MERRA-2/SYN1DEG)
2018-11,-6.406,0.0,0.0,105,100.0,Svalbard (Landflächen inkl. Bjørnøya),NASA POWER (MERRA-2/SYN1DEG)
2018-12,-8.762,0.0,0.0,105,100.0,Svalbard (Landflächen inkl. Bjørnøya),NASA POWER (MERRA-2/SYN1DEG)
2019-01,-12.443,0.0,0.0,105,100.0,Svalbard (Landflächen inkl. Bjørnøya),NASA POWER (MERRA-2/SYN1DEG)
2019-02,-14.417,0.0155,0.433,105,100.0,Svalbard (Landflächen inkl. Bjørnøya),NASA POWER (MERRA-2/SYN1DEG)
2019-03,-16.91,0.748,23.187,105,100.0,Svalbard (Landflächen inkl. Bjørnøya),NASA POWER (MERRA-2/SYN1DEG)
2019-04,-8.989,2.96,88.801,105,100.0,Svalbard (Landflächen inkl. Bjørnøya),NASA POWER (MERRA-2/SYN1DEG)
2019-05,-5.518,5.6713,175.81,105,100.0,Svalbard (Landflächen inkl. Bjørnøya),NASA POWER (MERRA-2/SYN1DEG)
2019-06,0.029,6.4899,194.698,105,100.0,Svalbard (Landflächen inkl. Bjørnøya),NASA POWER (MERRA-2/SYN1DEG)
2019-07,2.128,5.1854,160.746,105,100.0,Svalbard (Landflächen inkl. Bjørnøya),NASA POWER (MERRA-2/SYN1DEG)
2019-08,0.935,3.246,100.628,105,100.0,Svalbard (Landflächen inkl. Bjørnøya),NASA POWER (MERRA-2/SYN1DEG)
2019-09,-1.588,1.0515,31.544,105,100.0,Svalbard (Landflächen inkl. Bjørnøya),NASA POWER (MERRA-2/SYN1DEG)
2019-10,-7.19,0.1148,3.558,105,100.0,Svalbard (Landflächen inkl. Bjørnøya),NASA POWER (MERRA-2/SYN1DEG)
2019-11,-10.834,0.0,0.0,105,100.0,Svalbard (Landflächen inkl. Bjørnøya),NASA POWER (MERRA-2/SYN1DEG)
2019-12,-15.001,0.0,0.0,105,100.0,Svalbard (Landflächen inkl. Bjørnøya),NASA POWER (MERRA-2/SYN1DEG)
2020-01,-17.539,0.0,0.0,105,100.0,Svalbard (Landflächen inkl. Bjørnøya),NASA POWER (MERRA-2/SYN1DEG)
2020-02,-18.467,0.0203,0.59,105,100.0,Svalbard (Landflächen inkl. Bjørnøya),NASA POWER (MERRA-2/SYN1DEG)
2020-03,-20.884,0.8949,27.742,105,100.0,Svalbard (Landflächen inkl. Bjørnøya),NASA POWER (MERRA-2/SYN1DEG)
2020-04,-13.572,3.4148,102.444,105,100.0,Svalbard (Landflächen inkl. Bjørnøya),NASA POWER (MERRA-2/SYN1DEG)
2020-05,-4.655,5.5823,173.05,105,100.0,Svalbard (Landflächen inkl. Bjørnøya),NASA POWER (MERRA-2/SYN1DEG)
2020-06,-0.043,5.9345,178.034,105,100.0,Svalbard (Landflächen inkl. Bjørnøya),NASA POWER (MERRA-2/SYN1DEG)
2020-07,2.327,4.6741,144.899,105,100.0,Svalbard (Landflächen inkl. Bjørnøya),NASA POWER (MERRA-2/SYN1DEG)
2020-08,1.952,3.1053,96.265,105,100.0,Svalbard (Landflächen inkl. Bjørnøya),NASA POWER (MERRA-2/SYN1DEG)
2020-09,-0.378,1.0473,31.42,105,100.0,Svalbard (Landflächen inkl. Bjørnøya),NASA POWER (MERRA-2/SYN1DEG)
2020-10,-4.595,0.0925,2.868,105,100.0,Svalbard (Landflächen inkl. Bjørnøya),NASA POWER (MERRA-2/SYN1DEG)
2020-11,-5.938,0.0,0.0,105,100.0,Svalbard (Landflächen inkl. Bjørnøya),NASA POWER (MERRA-2/SYN1DEG)
2020-12,-9.893,0.0,0.0,105,100.0,Svalbard (Landflächen inkl. Bjørnøya),NASA POWER (MERRA-2/SYN1DEG)
2021-01,-10.841,0.0,0.0,105,100.0,Svalbard (Landflächen inkl. Bjørnøya),NASA POWER (MERRA-2/SYN1DEG)
2021-02,-11.572,0.0158,0.442,105,100.0,Svalbard (Landflächen inkl. Bjørnøya),NASA POWER (MERRA-2/SYN1DEG)
2021-03,-12.805,0.7068,21.909,105,100.0,Svalbard (Landflächen inkl. Bjørnøya),NASA POWER (MERRA-2/SYN1DEG)
2021-04,-10.245,2.8909,86.726,105,100.0,Svalbard (Landflächen inkl. Bjørnøya),NASA POWER (MERRA-2/SYN1DEG)
2021-05,-7.214,5.9124,183.286,105,100.0,Svalbard (Landflächen inkl. Bjørnøya),NASA POWER (MERRA-2/SYN1DEG)
2021-06,-0.502,5.8634,175.901,105,100.0,Svalbard (Landflächen inkl. Bjørnøya),NASA POWER (MERRA-2/SYN1DEG)
2021-07,1.661,5.1085,158.363,105,100.0,Svalbard (Landflächen inkl. Bjørnøya),NASA POWER (MERRA-2/SYN1DEG)
2021-08,1.62,3.0998,96.095,105,100.0,Svalbard (Landflächen inkl. Bjørnøya),NASA POWER (MERRA-2/SYN1DEG)
2021-09,-0.299,1.1632,34.895,105,100.0,Svalbard (Landflächen inkl. Bjørnøya),NASA POWER (MERRA-2/SYN1DEG)
2021-10,-5.674,0.0963,2.985,105,100.0,Svalbard (Landflächen inkl. Bjørnøya),NASA POWER (MERRA-2/SYN1DEG)
2021-11,-12.361,0.0,0.0,105,100.0,Svalbard (Landflächen inkl. Bjørnøya),NASA POWER (MERRA-2/SYN1DEG)
2021-12,-10.714,0.0,0.0,105,100.0,Svalbard (Landflächen inkl. Bjørnøya),NASA POWER (MERRA-2/SYN1DEG)
2022-01,-13.675,0.0,0.0,105,100.0,Svalbard (Landflächen inkl. Bjørnøya),NASA POWER (MERRA-2/SYN1DEG)
2022-02,-15.54,0.0188,0.527,105,100.0,Svalbard (Landflächen inkl. Bjørnøya),NASA POWER (MERRA-2/SYN1DEG)
2022-03,-11.23,0.8109,25.138,105,100.0,Svalbard (Landflächen inkl. Bjørnøya),NASA POWER (MERRA-2/SYN1DEG)
2022-04,-13.89,3.3375,100.124,105,100.0,Svalbard (Landflächen inkl. Bjørnøya),NASA POWER (MERRA-2/SYN1DEG)
2022-05,-5.839,5.7235,177.43,105,100.0,Svalbard (Landflächen inkl. Bjørnøya),NASA POWER (MERRA-2/SYN1DEG)
2022-06,0.782,5.5783,167.349,105,100.0,Svalbard (Landflächen inkl. Bjørnøya),NASA POWER (MERRA-2/SYN1DEG)
2022-07,3.095,4.8201,149.424,105,100.0,Svalbard (Landflächen inkl. Bjørnøya),NASA POWER (MERRA-2/SYN1DEG)
2022-08,2.28,3.1322,97.098,105,100.0,Svalbard (Landflächen inkl. Bjørnøya),NASA POWER (MERRA-2/SYN1DEG)
2022-09,-0.026,1.1352,34.055,105,100.0,Svalbard (Landflächen inkl. Bjørnøya),NASA POWER (MERRA-2/SYN1DEG)
2022-10,-4.194,0.106,3.285,105,100.0,Svalbard (Landflächen inkl. Bjørnøya),NASA POWER (MERRA-2/SYN1DEG)
2022-11,-4.572,0.0,0.0,105,100.0,Svalbard (Landflächen inkl. Bjørnøya),NASA POWER (MERRA-2/SYN1DEG)
2022-12,-10.392,0.0,0.0,105,100.0,Svalbard (Landflächen inkl. Bjørnøya),NASA POWER (MERRA-2/SYN1DEG)
2023-01,-6.901,0.0,0.0,105,100.0,Svalbard (Landflächen inkl. Bjørnøya),NASA POWER (MERRA-2/SYN1DEG)
2023-02,-9.154,0.0144,0.402,105,100.0,Svalbard (Landflächen inkl. Bjørnøya),NASA POWER (MERRA-2/SYN1DEG)
2023-03,-16.621,0.7682,23.816,105,100.0,Svalbard (Landflächen inkl. Bjørnøya),NASA POWER (MERRA-2/SYN1DEG)
2023-04,-9.49,2.9217,87.651,105,100.0,Svalbard (Landflächen inkl. Bjørnøya),NASA POWER (MERRA-2/SYN1DEG)
2023-05,-5.402,5.479,169.85,105,100.0,Svalbard (Landflächen inkl. Bjørnøya),NASA POWER (MERRA-2/SYN1DEG)
2023-06,0.029,6.1062,183.187,105,100.0,Svalbard (Landflächen inkl. Bjørnøya),NASA POWER (MERRA-2/SYN1DEG)
2023-07,2.908,5.9075,183.132,105,100.0,Svalbard (Landflächen inkl. Bjørnøya),NASA POWER (MERRA-2/SYN1DEG)
2023-08,3.16,3.0798,95.473,105,100.0,Svalbard (Landflächen inkl. Bjørnøya),NASA POWER (MERRA-2/SYN1DEG)
2023-09,-1.487,1.1876,35.627,105,100.0,Svalbard (Landflächen inkl. Bjørnøya),NASA POWER (MERRA-2/SYN1DEG)
2023-10,-5.832,0.1096,3.398,105,100.0,Svalbard (Landflächen inkl. Bjørnøya),NASA POWER (MERRA-2/SYN1DEG)
2023-11,-10.151,0.0,0.0,105,100.0,Svalbard (Landflächen inkl. Bjørnøya),NASA POWER (MERRA-2/SYN1DEG)
2023-12,-9.502,0.0,0.0,105,100.0,Svalbard (Landflächen inkl. Bjørnøya),NASA POWER (MERRA-2/SYN1DEG)
2024-01,-16.035,0.0,0.0,105,100.0,Svalbard (Landflächen inkl. Bjørnøya),NASA POWER (MERRA-2/SYN1DEG)
2024-02,-10.921,0.0164,0.475,105,100.0,Svalbard (Landflächen inkl. Bjørnøya),NASA POWER (MERRA-2/SYN1DEG)
2024-03,-17.97,0.9123,28.28,105,100.0,Svalbard (Landflächen inkl. Bjørnøya),NASA POWER (MERRA-2/SYN1DEG)
2024-04,-13.064,3.3282,99.845,105,100.0,Svalbard (Landflächen inkl. Bjørnøya),NASA POWER (MERRA-2/SYN1DEG)
2024-05,-5.108,4.9952,154.852,105,100.0,Svalbard (Landflächen inkl. Bjørnøya),NASA POWER (MERRA-2/SYN1DEG)
2024-06,0.459,5.9812,179.436,105,100.0,Svalbard (Landflächen inkl. Bjørnøya),NASA POWER (MERRA-2/SYN1DEG)
2024-07,2.928,5.1229,158.81,105,100.0,Svalbard (Landflächen inkl. Bjørnøya),NASA POWER (MERRA-2/SYN1DEG)
2024-08,4.076,3.0904,95.801,105,100.0,Svalbard (Landflächen inkl. Bjørnøya),NASA POWER (MERRA-2/SYN1DEG)
2024-09,0.177,1.1019,33.058,105,100.0,Svalbard (Landflächen inkl. Bjørnøya),NASA POWER (MERRA-2/SYN1DEG)
2024-10,-2.859,0.105,3.254,105,100.0,Svalbard (Landflächen inkl. Bjørnøya),NASA POWER (MERRA-2/SYN1DEG)
2024-11,-7.291,0.0,0.0,105,100.0,Svalbard (Landflächen inkl. Bjørnøya),NASA POWER (MERRA-2/SYN1DEG)
2024-12,-11.002,0.0,0.0,105,100.0,Svalbard (Landflächen inkl. Bjørnøya),NASA POWER (MERRA-2/SYN1DEG)
2025-01,-12.449,0.0,0.0,105,100.0,Svalbard (Landflächen inkl. Bjørnøya),NASA POWER (MERRA-2/SYN1DEG)
2025-02,-8.066,0.0157,0.44,105,100.0,Svalbard (Landflächen inkl. Bjørnøya),NASA POWER (MERRA-2/SYN1DEG)
2025-03,-12.9,0.7629,23.651,105,100.0,Svalbard (Landflächen inkl. Bjørnøya),NASA POWER (MERRA-2/SYN1DEG)
2025-04,-15.463,3.3829,101.487,105,100.0,Svalbard (Landflächen inkl. Bjørnøya),NASA POWER (MERRA-2/SYN1DEG)
2025-05,-4.575,5.2402,162.446,105,100.0,Svalbard (Landflächen inkl. Bjørnøya),NASA POWER (MERRA-2/SYN1DEG)
2025-06,-0.307,5.7468,172.404,105,100.0,Svalbard (Landflächen inkl. Bjørnøya),NASA POWER (MERRA-2/SYN1DEG)
2025-07,2.75,5.1359,159.214,105,100.0,Svalbard (Landflächen inkl. Bjørnøya),NASA POWER (MERRA-2/SYN1DEG)
2025-08,3.065,3.0075,93.232,105,100.0,Svalbard (Landflächen inkl. Bjørnøya),NASA POWER (MERRA-2/SYN1DEG)
2025-09,0.324,1.0942,32.825,105,100.0,Svalbard (Landflächen inkl. Bjørnøya),NASA POWER (MERRA-2/SYN1DEG)
2025-10,-2.296,0.0972,3.014,105,100.0,Svalbard (Landflächen inkl. Bjørnøya),NASA POWER (MERRA-2/SYN1DEG)
2025-11,-7.496,0.0,0.0,105,100.0,Svalbard (Landflächen inkl. Bjørnøya),NASA POWER (MERRA-2/SYN1DEG)
2025-12,-7.779,0.0,0.0,105,100.0,Svalbard (Landflächen inkl. Bjørnøya),NASA POWER (MERRA-2/SYN1DEG)
2026-01,-9.201,0.0,0.0,105,100.0,Svalbard (Landflächen inkl. Bjørnøya),NASA POWER (MERRA-2/SYN1DEG)
2026-02,-15.201,0.0156,0.437,105,100.0,Svalbard (Landflächen inkl. Bjørnøya),NASA POWER (MERRA-2/SYN1DEG)
2026-03,-10.541,0.7812,24.216,105,100.0,Svalbard (Landflächen inkl. Bjørnøya),NASA POWER (MERRA-2/SYN1DEG)
2026-04,-6.845,2.7695,83.086,105,100.0,Svalbard (Landflächen inkl. Bjørnøya),NASA POWER (MERRA-2/SYN1DEG)
2026-05,-3.638,5.1182,158.665,105,100.0,Svalbard (Landflächen inkl. Bjørnøya),NASA POWER (MERRA-2/SYN1DEG)
2026-06,1.121,6.1924,185.771,105,100.0,Svalbard (Landflächen inkl. Bjørnøya),NASA POWER (Temperatur); ERA5 via Open-Meteo (Globalstrahlung)
